"name","age"
"Max",3
"Max",48
"Max",21
"Max",53
"Max",26
"Max",36
"Max",52
"Max",47
"Max",104
"Max",13
"Max",26
"Max",39
"Max",24
"Max",64
"Max",63
"Max",55
"Max",70
"Max",64
"Max",16
"Max",10
"Max",44
"Max",54
"Max",60
"Max",62
"Max",58
"Max",58
"Max",89
"Max",20
"Max",20
"Max",36
"Max",54
"Max",22
"Max",32
"Max",46
"Max",60
"Max",20
"Max",40
"Max",57
"Max",30
"Max",26
"Max",77
"Max",7
"Max",27
"Max",33
"Max",16
"Max",15
"Max",49
"Max",11
"Max",17
"Max",49
"Max",29
"Max",11
"Max",34
"Max",57
"Max",44
"Max",17
"Max",56
"Max",37
"Max",10
"Max",49
"Max",55
"Max",44
"Max",46
"Max",61
"Max",102
"Max",32
"Max",101
"Max",54
"Max",39
"Max",111
"Max",53
"Max",73
"Max",11
"Max",57
"Max",11
"Max",58
"Max",50
"Max",41
"Max",8
"Max",55
"Max",58
"Max",85
"Max",74
"Max",54
"Max",93
"Max",67
"Max",36
"Max",1
"Max",54
"Max",77
"Max",44
"Max",17
"Max",44
"Max",57
"Max",41
"Max",8
"Max",4
"Max",43
"Max",79
"Max",79
"Max",4
"Max",19
"Max",61
"Max",67
"Max",49
"Max",19
"Max",21
"Max",49
"Max",59
"Max",18
"Max",61
"Max",11
"Max",40
"Max",30
"Max",45
"Max",37
"Max",45
"Max",4
"Max",0
"Max",42
"Max",81
"Max",50
"Max",33
"Max",65
"Max",49
"Max",46
"Max",64
"Max",80
"Max",53
"Max",77
"Max",27
"Max",69
"Max",31
"Max",11
"Max",27
"Max",35
"Max",16
"Max",33
"Max",33
"Max",58
"Max",50
"Max",28
"Max",23
"Max",15
"Max",61
"Max",80
"Max",35
"Max",48
"Max",36
"Max",25
"Max",65
"Max",61
"Max",83
"Max",50
"Max",34
"Max",4
"Max",47
"Max",59
"Max",77
"Max",62
"Max",27
"Max",22
"Max",43
"Max",20
"Max",81
"Max",73
"Max",70
"Max",96
"Max",110
"Max",41
"Max",11
"Max",20
"Max",19
"Max",35
"Max",37
"Max",91
"Max",26
"Max",66
"Max",50
"Max",71
"Max",81
"Max",29
"Max",20
"Max",109
"Max",21
"Max",16
"Max",13
"Max",42
"Max",32
"Max",15
"Max",15
"Max",78
"Max",13
"Max",22
"Max",11
"Max",15
"Max",24
"Max",45
"Max",91
"Max",59
